{"Chennai Super Kings": 0.5767634854771784, "Delhi Capitals": 0.44715447154471544, "Gujarat Titans": 0.6379310344827587, "Kolkata Knight Riders": 0.5180722891566265, "Lucknow Super Giants": 0.5535714285714286, "Mumbai Indians": 0.5546875, "Punjab Kings": 0.45454545454545453, "Rajasthan Royals": 0.5022222222222222, "Royal Challengers Bengaluru": 0.4717741935483871, "Sunrisers Hyderabad": 0.4302788844621514}